{"cameraMode":{"drawMode":0,"name":"Shaded","section":"Shading Mode"},"sceneLighting":true,"audioPlay":false,"sceneViewState":{"showFog":true,"showMaterialUpdate":false,"showSkybox":true,"showFlares":true,"showImageEffects":true,"showParticleSystems":true},"in2DMode":false,"pivot":{"x":12.747652053833008,"y":-5.833889484405518,"z":2.3334591388702394},"rotation":{"x":-0.005173740908503532,"y":-0.8897157311439514,"z":0.45643046498298647,"w":-0.010143817402422428},"size":16.49532127380371,"orthographic":false}