{"cameraMode":{"drawMode":0,"name":"Shaded","section":"Shading Mode"},"sceneLighting":true,"audioPlay":false,"sceneViewState":{"showFog":true,"showMaterialUpdate":false,"showSkybox":true,"showFlares":true,"showImageEffects":true,"showParticleSystems":true},"in2DMode":false,"pivot":{"x":12.747652053833008,"y":-5.833889484405518,"z":2.3334591388702394},"rotation":{"x":-0.2788335680961609,"y":-0.39796626567840578,"z":0.12838107347488404,"w":-0.8645472526550293},"size":16.49532127380371,"orthographic":false}