{"cameraMode":{"drawMode":0,"name":"Shaded","section":"Shading Mode"},"sceneLighting":true,"audioPlay":false,"sceneViewState":{"showFog":true,"showMaterialUpdate":true,"showSkybox":true,"showFlares":true,"showImageEffects":true,"showParticleSystems":true},"in2DMode":false,"pivot":{"x":4.521130561828613,"y":8.104076385498047,"z":5.298199653625488},"rotation":{"x":0.1477409303188324,"y":0.8514320850372315,"z":-0.3741990625858307,"w":0.3367135524749756},"size":7.336089611053467,"orthographic":false}