{"cameraMode":{"drawMode":0,"name":"Shaded","section":"Shading Mode"},"sceneLighting":true,"audioPlay":false,"sceneViewState":{"showFog":true,"showMaterialUpdate":true,"showSkybox":true,"showFlares":true,"showImageEffects":true,"showParticleSystems":true},"in2DMode":false,"pivot":{"x":0.4973495602607727,"y":0.3185517191886902,"z":-0.3238457441329956},"rotation":{"x":-0.012869348749518395,"y":-0.9850258827209473,"z":0.08473515510559082,"w":-0.1497741937637329},"size":0.32864910364151,"orthographic":false}